Item,URLofparam,,,,,,,,,,,,,
Template_URL,https://raw.githubusercontent.com/M3luma/1/main/01%2001.png,,,,,,,,,,,,,
Font_URL,https://github.com/ahmedalqadasi/certs/blob/main/fonts/Cairo-SemiBold.ttf?raw=true,,,,,,Email Body File ID,Download Template Here,,,,,,
Emailbody_URL,https://raw.githubusercontent.com/ahmedalqadasi/certs/main/emailbody/ArabicEmailBody.html,,,,,,Font Color,,,,,,,
Textpos,1.7,,,,,,Click Update Color Button after chaning cell color,,,,,,,
font_color,#000000,,,,,,Download Email Body and Upload it to github then update cell B4 with direct link,,,,,,,
font_size,90,,,,,,,,,,,,,
,,,,,,,,,,,,,,
,,,,,,,,,,,,,,
,,,,,,,,,,,,,,
,,,,,,,,https://github.com/mohalmah/certs/blob/main/31.png?raw=true,,,,,,
,,,,,,,,https://github.com/mohalmah/certs/blob/main/Cairo-SemiBold.ttf?raw=true,,,,,,
,,,,,,,,https://github.com/google/fonts/blob/main/ofl/abel/Abel-Regular.ttf?raw=true,,,,,شهادة سوشيال ميديا,https://github.com/mohalmah/certs/blob/main/31.png?raw=true
,,,,,,,,,,,,,,
,,,,,,,,,,,,,,
,,,,,,,,,,,,,,
,,,,,,,,,,,,,,
,,,,,,,,https://raw.githubusercontent.com/M3luma/1/main/Sep%20Webinar.png,,,,,,
,,,,,,,,https://raw.githubusercontent.com/M3luma/1/main/oct.png,,,,,,
,,,,,,,,https://raw.githubusercontent.com/M3luma/1/main/Nov.png,,,,,,
,,,,,,,,,,,,,,
,,,,,,,,,,,,,,
,,,,,,,,https://raw.githubusercontent.com/M3luma/1/main/02%2010.png,,,,,,
,,,,,,,,https://raw.githubusercontent.com/M3luma/1/main/26%2010.png,,,,,,
,,,,,,,,https://raw.githubusercontent.com/M3luma/1/main/01%2011.png,,,,,,
,,,,,,,,https://raw.githubusercontent.com/M3luma/1/main/27%2011.png,,,,,,
,,,,,,,,https://raw.githubusercontent.com/M3luma/1/main/02%2012.png,,,,,,
,,,,,,,,https://raw.githubusercontent.com/M3luma/1/main/27%2012.png,,,,,,
,,,,,,,,https://raw.githubusercontent.com/M3luma/1/main/01%2001.png,,,,,,